{
  "Total" : {
    "transaction" : "Total",
    "sampleCount" : 5419,
    "errorCount" : 26,
    "errorPct" : 0.4797933,
    "meanResTime" : 18.155379221258436,
    "medianResTime" : 17.0,
    "minResTime" : 13.0,
    "maxResTime" : 489.0,
    "pct1ResTime" : 19.0,
    "pct2ResTime" : 20.0,
    "pct3ResTime" : 35.80000000000018,
    "throughput" : 542.3338670936749,
    "receivedKBytesPerSec" : 1354.0370382243293,
    "sentKBytesPerSec" : 62.19565496146917
  },
  "HTTP Request" : {
    "transaction" : "HTTP Request",
    "sampleCount" : 5419,
    "errorCount" : 26,
    "errorPct" : 0.4797933,
    "meanResTime" : 18.155379221258436,
    "medianResTime" : 17.0,
    "minResTime" : 13.0,
    "maxResTime" : 489.0,
    "pct1ResTime" : 19.0,
    "pct2ResTime" : 20.0,
    "pct3ResTime" : 35.80000000000018,
    "throughput" : 542.3338670936749,
    "receivedKBytesPerSec" : 1354.0370382243293,
    "sentKBytesPerSec" : 62.19565496146917
  }
}