{
  "Total" : {
    "transaction" : "Total",
    "sampleCount" : 5887,
    "errorCount" : 3064,
    "errorPct" : 52.046883,
    "meanResTime" : 85.89926957703406,
    "medianResTime" : 91.0,
    "minResTime" : 13.0,
    "maxResTime" : 893.0,
    "pct1ResTime" : 150.0,
    "pct2ResTime" : 212.59999999999945,
    "pct3ResTime" : 656.0,
    "throughput" : 556.3746337775257,
    "receivedKBytesPerSec" : 1249.281676028967,
    "sentKBytesPerSec" : 30.74441363056422
  },
  "HTTP Request" : {
    "transaction" : "HTTP Request",
    "sampleCount" : 5887,
    "errorCount" : 3064,
    "errorPct" : 52.046883,
    "meanResTime" : 85.89926957703406,
    "medianResTime" : 91.0,
    "minResTime" : 13.0,
    "maxResTime" : 893.0,
    "pct1ResTime" : 150.0,
    "pct2ResTime" : 212.59999999999945,
    "pct3ResTime" : 656.0,
    "throughput" : 556.3746337775257,
    "receivedKBytesPerSec" : 1249.281676028967,
    "sentKBytesPerSec" : 30.74441363056422
  }
}