{
  "Total" : {
    "transaction" : "Total",
    "sampleCount" : 5356,
    "errorCount" : 15,
    "errorPct" : 0.28005975,
    "meanResTime" : 18.352128454070183,
    "medianResTime" : 17.0,
    "minResTime" : 13.0,
    "maxResTime" : 530.0,
    "pct1ResTime" : 19.0,
    "pct2ResTime" : 20.0,
    "pct3ResTime" : 32.0,
    "throughput" : 538.9414369088348,
    "receivedKBytesPerSec" : 1346.0917650369793,
    "sentKBytesPerSec" : 61.930649715737566
  },
  "HTTP Request" : {
    "transaction" : "HTTP Request",
    "sampleCount" : 5356,
    "errorCount" : 15,
    "errorPct" : 0.28005975,
    "meanResTime" : 18.352128454070183,
    "medianResTime" : 17.0,
    "minResTime" : 13.0,
    "maxResTime" : 530.0,
    "pct1ResTime" : 19.0,
    "pct2ResTime" : 20.0,
    "pct3ResTime" : 32.0,
    "throughput" : 538.9414369088348,
    "receivedKBytesPerSec" : 1346.0917650369793,
    "sentKBytesPerSec" : 61.930649715737566
  }
}